dataset,scenario,evaluation_scope,fold_count,window_size,alphabet_size,paa_segments,fallback_probability,anomaly_threshold,accuracy,precision,recall,f1_score,accuracy_std,precision_std,recall_std,f1_score_std,confusion_matrix,state_count,transition_density,train_pattern_count,test_pattern_count,unseen_test_pattern_count,unseen_ratio,average_edit_distance
BATADAL,original,full_test_transitions_with_unseen_handling,1,4,3,256,1e-06,1e-05,0.4642857142857143,0.11450381679389313,0.4411764705882353,0.18181818181818182,0.0,0.0,0.0,0.0,"[[102, 116], [19, 15]]",64,0.02685546875,253,253,70,0.2766798418972332,0.0
BATADAL,gaussian_noise,full_noisy_test_transitions_with_unseen_handling,1,4,3,256,1e-06,0.05,0.47619047619047616,0.1171875,0.4411764705882353,0.18518518518518517,0.0,0.0,0.0,0.0,"[[105, 113], [19, 15]]",64,0.02685546875,253,253,69,0.2727272727272727,0.0
BATADAL,unseen_only,unseen_test_transitions_only,1,4,3,256,1e-06,0.05,0.2898550724637681,0.1346153846153846,0.6363636363636364,0.2222222222222222,0.0,0.0,0.0,0.0,"[[13, 45], [4, 7]]",64,0.02685546875,253,253,69,0.27380952380952384,1.0
SKAB,original,full_test_transitions_with_unseen_handling,5,4,3,256,1e-06,0.05,0.5428571428571429,0.1339869281045752,0.0170391122479333,0.028906123375149924,0.017160117706698137,0.11296393463214206,0.02250009796765515,0.036238116046582634,"[[[133, 16], [102, 1]], [[133, 12], [107, 0]], [[141, 8], [102, 1]], [[128, 18], [100, 6]], [[140, 3], [108, 1]]]",25.8,0.05626310853559531,253.0,253.0,12.4,0.049011857707509876,0.0
SKAB,gaussian_noise,full_noisy_test_transitions_with_unseen_handling,5,4,3,256,1e-06,0.05,0.5404761904761906,0.11776470588235295,0.016984157127947954,0.028247202143709606,0.018906554364399347,0.13694668474872923,0.027825807174166935,0.04478493093255079,"[[[133, 16], [102, 1]], [[130, 15], [107, 0]], [[141, 8], [103, 0]], [[128, 18], [99, 7]], [[140, 3], [108, 1]]]",25.8,0.05626310853559531,253.0,253.0,11.8,0.04664031620553359,0.0
SKAB,unseen_only,unseen_test_transitions_only,5,4,3,256,1e-06,0.05,0.28095238095238095,0.10714285714285714,0.3,0.15555555555555553,0.27063375692157754,0.14725377234348785,0.4472135954999579,0.21659542988464361,"[[[16, 11], [1, 0]], [[0, 8], [0, 0]], [[3, 3], [1, 1]], [[1, 10], [0, 4]], [[0, 3], [0, 0]]]",25.8,0.05626310853559531,253.0,253.0,12.4,0.04920634920634921,1.0
