dataset,best_window_size,best_alphabet_size,best_f1_score,state_count,transition_density,source_file,accuracy,precision,recall,f1_score_std,accuracy_std,precision_std,recall_std
BATADAL,6,5,0.2566371681415929,229.0,0.0045384336683129,reports/results/automata_parameter_sweep_batadal.csv,0.328,0.1542553191489361,0.7631578947368421,,,,
SKAB,6,6,0.3368217123866911,125.8,0.0095553481085504,reports/results/automata_parameter_sweep_skab.csv,0.5224,0.4517639319692982,0.2920277838756099,0.1435411905911674,0.0468700330701824,0.0645989305091731,0.1487605403213853
