dataset,best_window_size,best_alphabet_size,best_f1_score,state_count,transition_density,source_file,accuracy,precision,recall,f1_score_std,accuracy_std,precision_std,recall_std
BATADAL,6,5,0.2566371681415929,229.0,0.0045384336683129,reports\results\automata_parameter_sweep_batadal.csv,0.328,0.1542553191489361,0.7631578947368421,,,,
SKAB,6,6,0.437855065828019,125.6,0.0095199809723306,reports\results\automata_parameter_sweep_skab.csv,0.5584,0.5252013088632808,0.3815635659555386,0.0296080691661385,0.0252348964729399,0.0360635195776283,0.0610457606749696
