dataset_name,model_name,run_count,accuracy_mean,accuracy_std,precision_mean,precision_std,recall_mean,recall_std,f1_score_mean,f1_score_std
batadal,cnn1d,5,0.9006211180124224,0.0,0.0,0.0,0.0,0.0,0.0,0.0
batadal,lstm,5,0.9140372670807453,0.021719600810620573,0.6109030100334447,0.3857309399984105,0.1825,0.2820959499886519,0.22686046036891572,0.3118579723496525
skab,cnn1d,25,0.8811050072059311,0.0600016652036129,0.9407228773266901,0.07106536805962348,0.7113612049813084,0.1659195390935781,0.7980495948949757,0.12028674584640944
skab,lstm,25,0.9081501811322222,0.043070482700923854,0.9641105175627308,0.050995278718206666,0.7730048450465941,0.12963935367185547,0.8500157022556593,0.08223237432874671
